{"schemaVersion":"1.0","appDefinitionTemplate":{"id":"/providers/Microsoft.PowerApps/apps/","type":"Microsoft.PowerApps/apps","tags":{"primaryDeviceWidth":"640","primaryDeviceHeight":"1136","supportsPortrait":"true","supportsLandscape":"true","primaryFormFactor":"Phone","publisherVersion":"3.23014.14","minimumRequiredApiVersion":"2.2.0","hasComponent":"false","hasUnlockedComponent":"false","isUnifiedRootApp":"false","sienaVersion":"20230208T155209Z-3.23014.14.0"},"properties":{"appVersion":"2023-02-08T15:52:09Z","lifeCycleId":"Published","createdByClientVersion":{"major":3,"minor":23014,"build":14,"revision":0,"majorRevision":0,"minorRevision":0},"minClientVersion":{"major":3,"minor":23014,"build":14,"revision":0,"majorRevision":0,"minorRevision":0},"backgroundColor":"RGBA(0,176,240,1)","backgroundImageUri":"/7069082315967365044/Nd72f05d3-a1bf-4171-b2b4-36504c082553-logoSmallFile","displayName":"aplicación de presupuestos de solería","description":"","commitMessage":"","appUris":{"documentUri":{"value":"/7069082315967365044/N3eb1a742-d9f8-4121-a3e3-54b045f004ea-document.msapp"},"imageUris":[],"additionalUris":[]},"createdTime":"0001-01-01T00:00:00Z","lastModifiedTime":"0001-01-01T00:00:00Z","sharedGroupsCount":0,"sharedUsersCount":0,"icons":{"smallIconUri":"/7069082315967365044/N0e3f2187-e9e5-46bf-b26a-f9586d785de2-small.png","mediumIconUri":"/7069082315967365044/Na0be6750-4c47-40c0-a196-3a82877ea5bb-medium.png","largeIconUri":"/7069082315967365044/N6b0495d6-01ff-4906-ab92-d25b0f68ceb8-large.png","wideIconUri":"/7069082315967365044/Nf6cff848-40ee-40e0-af35-71ff2aeb41f4-wide.png"},"connectionReferences":{"0777c699-492d-4c7a-b81d-1f468c6f0ca5":{"id":"438941c7-46ff-4303-b443-2360101f93a7","displayName":"Excel","iconUri":"https://connectoricons-prod.azureedge.net/releases/v1.0.1618/1.0.1618.3179/excel/icon.png","dataSources":["FlooringEstimates"],"dependencies":["333a39e8-0e41-4f6e-a881-5d56d4da12d8"],"dependents":[],"parameterHints":{"333a39e8-0e41-4f6e-a881-5d56d4da12d8":{"value":"fileSource"}},"parameterHintsV2":{"fileSource":{"value":"333a39e8-0e41-4f6e-a881-5d56d4da12d8"}},"isOnPremiseConnection":false,"dataSets":{"b!wCOtU-Ax1UioR1ClvvKaMbtemGnEZVRImdcXWfgmtIceTVxZBJ4HRqI0qXdl-Da0.01CH4C4A3VYQDOMV2X2RFYKT7IYMZGE2CR":{"dataSources":{"FlooringEstimates":{"tableName":"FlooringEstimates"}}}},"apiTier":"Standard","isCustomApiConnection":false,"actions":["providers/PowerPlatform.Governance/Operations/Read","providers/PowerPlatform.Governance/Operations/Write","providers/PowerPlatform.Governance/Operations/Delete"]},"333a39e8-0e41-4f6e-a881-5d56d4da12d8":{"id":"edfe11f9-8ec0-4790-8317-fa09b3a7cdcc","displayName":"OneDrive para la Empresa","iconUri":"https://connectoricons-prod.azureedge.net/releases/v1.0.1546/1.0.1546.2665/onedriveforbusiness/icon.png","dataSources":[],"dependencies":[],"dependents":["0777c699-492d-4c7a-b81d-1f468c6f0ca5"],"parameterHints":{},"parameterHintsV2":{},"isOnPremiseConnection":false,"dataSets":{},"apiTier":"Standard","isCustomApiConnection":false}},"databaseReferences":{},"almMode":"Environment","performanceOptimizationEnabled":true,"canConsumeAppPass":true,"enableModernRuntimeMode":false,"executionRestrictions":{"isTeamsOnly":false,"dataLossPreventionEvaluationResult":{"status":"Compliant","lastEvaluationDate":"2023-02-08T15:52:22.5175475Z","violations":[],"violationsByPolicy":[],"violationErrorMessage":"La aplicación usa los siguientes conectores: shared_excel, shared_onedriveforbusiness."}}},"appType":"ClassicCanvasApp","appComponents":[]}}